Date,BTC_Price,Binance_USDT,Gate_USDT,Other_USDT,Total_BTC,Total_USDT,Total_IDR
2024-04-08 15:24:10.571808,71091.71000000,16429.1905653372,2187.61223302,960.0506842376161,0.27537463204352264,19576.85348259482,314697919.73271173
2024-04-08 15:37:51.761551,71188.01000000,16470.82237318,2200.7329778,965.2506845792129,0.2758442894464842,19636.80603555921,315936572.3061121
2024-04-08 15:57:53.143146,72030.86000000,16599.590622288,2211.98698522,976.3006923956389,0.27471389762531834,19787.878299903638,318367173.9671496
2024-04-08 16:16:29.627434,71860.01000000,16591.4164486245,2217.62747107,978.9006911290439,0.27536796350047194,19787.944610823546,318289089.06509674
2024-04-09 03:05:07.592900,71731.81000000,16739.276897196,2198.79634245,981.1757092279181,0.27769059429664356,19919.24894887392,318508790.692494
2024-04-09 07:56:51.898929,71426.93000000,16797.324702893497,2181.92976219,973.3757091012585,0.27934324174628195,19952.630174184756,318443977.5799887
2024-04-09 09:21:34.252985,71500.00000000,16855.8337825404,2186.09995957,968.1757119779644,0.2798616706865506,20010.109454088368,319761549.0763321
2024-04-09 09:26:42.770367,71560.00000000,16871.470776799997,2190.87907802,970.4507137051393,0.2799441107954882,20032.800568525137,320144185.8856002
2024-04-09 11:58:49.173772,71187.21000000,16800.057694254603,2193.77699419,960.7007093852827,0.2803106821833569,19954.535397829888,318015430.6352149
2024-04-09 14:01:26.548317,70760.05000000,16578.905645277002,2174.37688282,945.1006993523157,0.2783828336391695,19698.383227449318,315075639.72305185
2024-04-09 17:54:18.035213,70654.61000000,16369.643018122202,2128.23787952,934.7006969035654,0.27503628701008703,19432.581594545765,311815204.26608133
2024-04-09 17:57:23.486503,70555.00000000,16150.2068877234,2326.43317426,933.4006961647184,0.2751051060612022,19410.04075814812,311453514.00524473
2024-04-09 21:39:46.168200,69416.00000000,15679.565086651599,2297.2109926,896.6756808446768,0.2718890711089126,18873.451760096275,302975521.1048255
2024-04-09 22:08:40.070114,68986.07000000,15573.436468840002,2277.22358933,896.0256726828159,0.27174595872547624,18746.685730852816,300865559.29445684
2024-04-09 22:14:24.334464,68892.75000000,15536.1554285886,2263.60139519,894.4006716791353,0.271351593534265,18694.157495457737,300489887.5819877
2024-04-09 22:50:22.554554,69241.18000000,15696.8661049356,2265.0045892,899.6006774363849,0.2724025120827228,18861.471371571984,302745476.98510194
2024-04-09 23:24:59.038358,69024.65000000,15623.406989670402,2265.27426389,896.0256753253935,0.2721449066222835,18784.7069288858,301438192.0878304
2024-04-09 23:25:24.703045,69057.83000000,15631.062341876901,2265.27426389,896.6756753253934,0.27213441663446847,18793.012281092295,301571468.0746881
2024-04-09 23:41:14.622591,68855.99000000,15550.095063218601,2265.27426389,891.1506753253934,0.2716760009177705,18706.520002433997,300183526.4790584
2024-04-09 23:56:35.626822,68613.14000000,15552.893801471002,2265.27426389,891.4756753253934,0.272683100360753,18709.643740686395,300233653.1067946
2024-04-10 04:20:09.847544,69100.01000000,15532.707937858999,2265.27426389,896.0256753253935,0.270535530705052,18694.007877074397,299982744.4034128
2024-04-10 05:02:51.105864,69250.00000000,15530.906469769501,2265.27426389,896.6756753253934,0.2699329445340779,18692.856408984895,299964266.7949806
2024-04-10 12:43:57.955873,69351.23000000,15275.778362750101,2265.27426389,886.6006753253935,0.26571487343433553,18427.653301965493,295708552.5366403
2024-04-10 13:19:39.669109,69294.19000000,15279.796440152302,2226.12495412,888.2256785091525,0.2654500625922816,18394.147072781456,296844745.46054715
2024-04-10 13:20:05.246541,69288.92000000,15281.8598987217,2225.9785711,888.2256784208747,0.2654979201327221,18396.06414824257,296875683.2243386
2024-04-10 13:22:44.713906,69344.99000000,15298.066488419003,2225.83279784,890.5006789275128,0.2655476619895181,18414.399965186516,297171586.63818
2024-04-10 13:23:26.681786,69380.01000000,15311.883055158902,2227.11322558,890.1756789275126,0.26562653939753567,18429.171959666415,297409977.0850966
2024-04-10 13:27:21.087241,69451.99000000,15338.765078897803,2228.07593445,891.8006794322316,0.26577556226653887,18458.641692780035,297885559.6380842
2024-04-10 13:51:39.024428,69406.72000000,15285.9860942848,2228.07593445,889.8506794322316,0.2651603866047413,18403.91270816703,297002343.2843995
2024-04-10 14:28:27.346525,69325.08000000,15270.527800447504,2226.70256883,884.65067891216,0.2651548479740617,18381.881048189665,296389450.02101016
2024-04-10 16:38:56.239806,68974.94000000,15237.383668287202,2204.45001243,883.0256743293892,0.26567416158747786,18324.859355046592,295781554.849807
2024-04-10 17:50:50.649136,68776.01000000,15082.1037507709,2189.2929866,878.4756735137787,0.26389830423260496,18149.87241088468,293120439.43578756
2024-04-10 18:21:36.281663,69011.60000000,15140.073289852004,2265.27426389,880.7506753253934,0.26497137045174135,18286.098229067396,293437018.2818445
2024-04-10 18:36:53.790341,69049.01000000,15173.0359139399,2265.27426389,881.0756753253934,0.2653098987683574,18319.385853155298,293971184.7855831
2024-04-10 18:44:21.991584,68995.00000000,15138.841378655703,2206.17126863,880.7506751737858,0.26416063950227536,18225.76332245949,294346077.65772074
2024-04-10 19:23:31.690853,68932.01000000,15041.544989524198,2199.36759682,871.9756733295468,0.2627645452333937,18112.888259673746,292505032.50547135
2024-04-10 19:43:18.383214,67902.19000000,14750.572345199998,2158.74828722,855.400659936265,0.2616222141341283,17764.721292356266,286900248.8715537
2024-04-10 19:44:56.879281,67940.00000000,14769.668055071501,2155.44605271,857.3506599708085,0.2617377799198161,17782.464767752306,287186805.99919975
2024-04-10 19:51:15.048213,67875.99000000,14813.69045856,2155.44605271,858.0006599708084,0.2626427573467555,17827.137171240807,287908265.31553906
2024-04-10 19:58:46.601219,67987.01000000,14875.2084443265,2155.44605271,865.4756599708084,0.26322866907968606,17896.130157007305,289022502.03566796
2024-04-10 20:02:20.236487,67803.68000000,14822.2963549528,2155.0258259,861.9006575201391,0.2631011006832217,17839.22283837294,288067770.39404625
2024-04-10 20:08:58.986808,67700.00000000,14764.282061,2144.00404646,855.0756564051517,0.26238348247954435,17763.361763865152,286878292.4864222
2024-04-10 20:09:05.901732,67697.21000000,14761.0660369075,2144.00404646,855.4006564051518,0.2623515908524539,17760.470739772652,286831602.4473283
2024-04-10 20:12:23.476148,67776.12000000,14798.854897965699,2148.68778377,859.6256577868917,0.26273513944915394,17807.168339522592,287336468.32653654
2024-04-10 20:12:24.629655,67774.84000000,14797.330142770801,2148.68778377,859.6256577868917,0.26271760411869205,17805.643584327692,287311864.87671167
2024-04-10 20:36:13.415423,67698.09000000,14863.095514627,2133.00203903,862.2256599209122,0.2637936050127546,17858.32321357791,288590503.13141906
2024-04-10 20:37:09.636733,67722.72000000,14879.6298675381,2134.0709186,862.5506597481947,0.26396239616315315,17876.251445886293,289327129.6516697
2024-04-10 20:38:35.798226,67808.00000000,14895.5964396111,2134.0709186,863.8506597481947,0.26388505807514295,17893.518017959294,289606589.12067115
2024-04-10 20:41:17.353541,67680.00000000,14872.7503872,2131.74574875,861.9006602452374,0.26398340419910227,17866.39679619524,288720972.22651505
2024-04-10 20:42:18.667412,67685.76000000,14881.810813936,2131.74574875,861.9006602452374,0.26409479959937276,17875.45722293124,288867388.7225688
2024-04-10 20:45:11.048166,67863.83000000,14928.194209403198,2136.18330484,862.5506615041559,0.26416027765817746,17926.928175747355,289842574.7454832
2024-04-10 20:45:16.652392,67849.45000000,14927.472319232998,2136.18330484,862.5506615041559,0.2642056241513698,17926.206285577155,289830903.22521144
2024-04-10 20:45:51.269808,67732.00000000,14906.9175151642,2136.18330484,861.2506615041559,0.2643411014219033,17904.351481508354,289477554.7530271
2024-04-10 20:46:17.862203,67751.49000000,14911.145111245001,2134.75926408,860.9256602413991,0.26430164171395193,17906.8300355664,289517628.01503754
2024-04-10 20:54:24.357476,68104.01000000,15000.059915040001,2134.9898775,863.8506627861035,0.26428547240208183,17998.900455326104,291546189.5753722
2024-04-10 20:55:21.453467,68124.84000000,15018.9013463232,2137.21850356,866.1256640028023,0.26454734446181455,18022.245513886002,291131354.0313145
2024-04-10 20:55:31.445562,68164.00000000,15027.844423999999,2137.21850356,867.1006640028023,0.264540866022575,18032.1635915628,291291570.65810543
2024-04-10 20:55:41.293145,68163.18000000,15030.2316780528,2137.21850356,867.1006640028023,0.26457907107056333,18034.5508456156,291330134.3600744
2024-04-10 20:55:51.221481,68157.62000000,15027.156232234798,2137.21850356,866.7756640028023,0.26455076335995303,18031.1503997976,291275203.5583304
2024-04-10 20:56:01.640351,68157.63000000,15029.997041836397,2137.21850356,866.7756640028023,0.2645924045392893,18033.9912093992,291321093.99663466
2024-04-10 20:56:28.982323,68169.90000000,15037.2592758434,2137.51191634,867.1006639202817,0.26466038319116914,18041.87185610368,291448397.96349883
2024-04-10 20:56:39.020460,68169.91000000,15038.386285043998,2137.51191634,867.4256639202817,0.264681644222565,18043.32386530428,291471853.7201253
2024-04-10 20:56:48.683104,68160.09000000,15036.37583024,2137.51191634,867.4256639202817,0.26469028151958546,18041.31341050028,291439376.8332215
2024-04-10 20:56:59.561585,68220.00000000,15062.798628,2137.51191634,867.7506639202817,0.264849915102027,18068.061208260282,291871460.7582366
2024-04-10 20:57:09.288514,68224.01000000,15058.2445252567,2137.51191634,868.7256639202817,0.2647818869854906,18064.482105516978,291813643.9325213
2024-04-10 21:09:42.737486,68298.99000000,15090.014952476999,2140.08053717,868.7256643597518,0.2649939794718304,18098.82115400675,293001815.6622153
2024-04-10 21:23:22.597944,68592.68000000,15177.6476463321,2156.02267647,876.2006667682012,0.2654783424349407,18209.870989570303,294963490.28905976
2024-04-10 21:35:38.848288,68523.98000000,15148.994382923798,2162.40262588,872.625666461148,0.2653672871199972,18184.022675264943,294381143.0898642
2024-04-10 21:42:09.238674,68930.03000000,15262.1327959978,2164.12126463,880.4256711034103,0.2655835160920605,18306.679731731212,295927477.86343503
2024-04-10 22:44:14.563203,68489.94000000,15249.0892597716,2169.36976053,878.80066616369,0.2671525144636612,18297.259686465288,296122850.7657542
2024-04-10 22:44:20.982198,68499.99000000,15254.237599999999,2169.36976053,879.4506661636899,0.2671979664039905,18303.05802669369,296216691.10401064
2024-04-10 23:45:32.797283,69128.00000000,15369.561436959999,2193.61392789,896.0256721608253,0.26702929401994596,18459.201037010826,298245311.15498394
2024-04-11 04:53:19.591457,69949.96000000,15308.003136312002,2199.92229133,884.3256732892462,0.26293440483641806,18392.25110093125,297310739.0465537
2024-04-11 07:02:22.634509,70488.38000000,15388.495163633801,2208.63310335,892.1256789217554,0.26230215456654776,18489.253945905555,298860300.7816174
2024-04-11 07:02:23.800590,70488.39000000,15389.9465880573,2208.63310335,892.1256789217554,0.26232270832585414,18490.705370329055,298883761.6059988
2024-04-11 08:24:17.817529,70724.25000000,15359.7674330775,2209.2153247,890.1756793784972,0.26100182663168564,18459.158437155995,298410755.2950638
2024-04-11 11:37:10.852343,70384.00000000,15246.95722672,2202.63193845,879.1256819615833,0.2604102473166002,18328.714847131585,296906851.8086845
2024-04-11 20:24:54.413174,70720.01000000,15239.464148501302,2162.34307391,882.7006820709711,0.2585478693298018,18284.507904482274,295843337.8945232
2024-04-11 20:24:55.835484,70713.24000000,15240.995203200002,2162.34307391,882.7006820709711,0.2585942739885907,18286.038959180973,295868110.35954815
2024-04-11 20:24:57.283532,70713.24000000,15239.316303790802,2162.34307391,882.7006820709711,0.25857053162564425,18284.360059771774,295840945.7671073
2024-04-11 20:24:58.527107,70713.23000000,15239.316303790802,2162.34307391,882.7006820709711,0.2585705681917199,18284.360059771774,295840945.7671073
2024-04-11 23:26:08.427732,69776.00000000,15026.60629344,2124.10457472,862.2256713720819,0.2581537568724502,18012.936539532082,291269183.84423375
2024-04-11 23:40:43.388164,69664.34000000,14998.6913000394,2124.10457472,858.9756713720818,0.2581201737665423,17981.77154613148,290765245.900946
2024-04-11 23:55:43.407826,70019.93000000,15068.1685017204,2124.10457472,860.6006713720819,0.25782478999639796,18052.873747812482,291914968.5021278
2024-04-12 00:10:43.395788,70191.49000000,15103.430651555998,2124.10457472,865.4756713720818,0.25776644572793767,18093.01089764808,292563986.21496946
2024-04-12 00:25:43.524519,70344.00000000,15139.37026008,2124.10457472,870.3506713720819,0.2577878071501774,18133.82550617208,293223958.43480253
2024-04-12 00:40:43.575547,70155.45000000,15088.429446021,2124.10457472,861.900671372082,0.25763407820936346,18074.434692113085,292263608.97146857
2024-04-12 00:55:43.389508,70248.92000000,15081.31914128,2124.10457472,865.1506713720819,0.2572363302862462,18070.574387372086,292201187.8438066
2024-04-12 01:10:43.388324,70279.21000000,15071.071572728602,2124.10457472,863.8506713720819,0.2569611527907141,18059.026818820683,292014463.6603304
2024-04-12 01:25:43.460411,70153.39000000,15017.9894510379,2124.10457472,858.6506713720819,0.2565912309744402,18000.744697129983,291072041.75259185
2024-04-12 01:40:43.447956,70118.98000000,15020.8549396794,2124.10457472,859.300671372082,0.25676728591561776,18004.260185771484,291128887.2039249
2024-04-12 01:55:43.527752,70130.09000000,15028.2436096855,2124.10457472,860.2756713720819,0.25684586823968975,18012.623855777583,291264127.7479235
2024-04-12 02:10:43.384084,70057.18000000,15017.4837265284,2124.10457472,858.6506713720819,0.256936390711423,18000.238972620486,291063864.18727326
2024-04-12 02:25:43.425761,70299.99000000,15076.9393773426,2124.10457472,863.8506713720819,0.25696866562050263,18064.89462343468,292109346.0609388
2024-04-12 02:40:43.451149,70380.01000000,15097.668454800001,2124.10457472,865.1506713720819,0.2569895017191968,18086.923700892086,292465556.243425
2024-04-12 02:55:43.382197,70322.22000000,15087.2497481232,2124.10457472,864.1756713720819,0.25703867133624736,18075.52999421528,292281320.0064611
2024-04-12 03:10:43.407568,70495.99000000,15094.38286752,2124.10457472,866.1256713720819,0.25653392644903744,18084.613113612082,292428194.04710734
2024-04-12 03:25:43.456791,70711.99000000,15137.713807803702,2124.10457472,871.6506713720819,0.2564412209852358,18133.469053895788,293218194.6014949
2024-04-12 03:40:43.392588,70605.57000000,15109.9174716777,2124.10457472,870.6756713720819,0.2564202472661828,18104.69771776978,292752962.0963374
2024-04-12 03:55:43.385498,70495.95000000,15106.184463058502,2124.10457472,868.400671372082,0.2567337515013357,18098.689709150585,292655812.59696496
2024-04-12 04:10:43.411761,70500.01000000,15105.597222637598,2124.10457472,866.4506713720818,0.2566829773319136,18096.15246872968,292614785.4193589
2024-04-12 04:25:43.383837,70232.21000000,15044.712098108503,2124.10457472,861.900671372082,0.256730029486479,18030.717344200588,291556699.4557235
2024-04-12 04:40:43.378910,70142.02000000,15039.719359982202,2124.10457472,858.0006713720819,0.2569333561547598,18021.824606074286,291412903.8802212
2024-04-12 04:55:43.400064,70198.11000000,15041.855860054202,2124.10457472,859.300671372082,0.25677701445446727,18025.261106146285,291468472.0863854
2024-04-12 05:10:43.379582,70158.10000000,15042.593309933001,2124.10457472,859.6256713720819,0.2569385937764147,18026.323556025083,291485651.9009256
2024-04-12 05:25:43.380767,70248.01000000,15049.6814720441,2124.10457472,863.8506713720819,0.2567707856512403,18037.636718136182,291668585.7322621
2024-04-12 05:40:43.382737,70082.05000000,15026.613316289002,2124.10457472,860.6006713720819,0.257003306301415,18011.318562381082,291243021.1537021
2024-04-12 05:55:43.442962,70241.38000000,15045.1866194432,2124.10457472,862.2256713720819,0.25670789590886856,18031.516865535283,291569627.7157055
2024-04-12 06:10:43.479948,70124.61000000,15036.651823236001,2124.10457472,862.5506713720819,0.25701828601011945,18023.307069328082,291436875.3110351
2024-04-12 06:25:43.521213,69992.97000000,14993.973167878,2124.10457472,859.6256713720819,0.2568501295768716,17977.703413970085,290699464.2038963
2024-04-12 06:40:43.454779,70022.97000000,14996.1290993278,2124.10457472,862.2256713720819,0.25680800665010184,17982.45934541988,290776367.6154395
2024-04-12 06:55:45.280952,70101.71000000,15021.717587683102,2124.10457472,865.1506713720819,0.25692629800008,18010.972833775188,291237430.7221448
2024-04-12 07:10:43.468521,70263.74000000,15048.099222378201,2124.10457472,867.1006713720819,0.25673703774479245,18039.304468470284,291695553.2551645
2024-04-12 07:25:43.398793,70142.68000000,15054.371993573199,2124.10457472,867.1006713720819,0.2572695716739834,18045.57723966528,291796983.9653876
2024-04-12 07:29:11.139048,70248.94000000,15059.857466364201,2124.10457472,870.3506713720819,0.2570047706407567,18054.31271245628,291938236.56041807
2024-04-12 07:40:43.417190,70242.71000000,15092.985525018603,2124.10457472,871.6506713720819,0.2575176950193221,18088.740771110686,292494938.2688598
2024-04-12 07:55:43.458113,70267.99000000,15138.151399694701,2124.10457472,872.9506713720818,0.2580863156294464,18135.206645786784,293246291.4623723
2024-04-12 08:10:43.523258,70219.00000000,15159.19932302,2124.10457472,871.0006713720819,0.2585383524275778,18154.304569112082,293555104.8825424
2024-04-12 08:25:43.395820,70231.49000000,15168.488351390502,2124.10457472,872.300671372082,0.25864314707665437,18164.893597482584,293726329.4712934
2024-04-12 08:40:43.396678,70220.07000000,15164.685589559402,2124.10457472,870.0256713720819,0.25859865755832323,18158.815835651487,293628052.06248456
2024-04-12 08:55:43.381991,70309.82000000,15191.581254869601,2124.10457472,872.6256713720819,0.25868806805310673,18188.311500961685,294104996.9705504
2024-04-12 09:10:43.461384,70422.50000000,15208.890987100001,2124.10457472,872.6256713720819,0.25851995077130296,18205.621233192083,294384895.340716
2024-04-12 09:25:43.399110,70632.39000000,15253.728564966,2124.10457472,875.8756713720819,0.2584325521344823,18253.708811058084,295162471.4748092
2024-04-12 09:27:24.745939,70648.23000000,15257.8727997372,2124.10457472,874.5756713720818,0.2584148682257048,18256.553045829285,295208462.75105953
2024-04-12 09:40:43.432149,70729.78000000,15264.377719228001,2124.10457472,872.300671372082,0.25817672506997874,18260.782965320082,295276860.54922575
2024-04-12 09:55:43.445674,70666.02000000,15241.358845911602,2124.10457472,870.6756713720819,0.25806093355765164,18236.139092003683,294878369.11769956
2024-04-12 10:10:43.399899,70698.64000000,15278.61239176,2124.10457472,873.2756713720819,0.25850557574872846,18275.992637852083,295522800.9540682
2024-04-12 10:25:43.396411,70840.40000000,15284.241342399999,2124.10457472,876.200671372082,0.2581090251959628,18284.54658849208,295661118.33591694
2024-04-12 10:40:44.768537,70887.00000000,15285.183757020002,2124.10457472,873.925671372082,0.25792054965102323,18283.214003112083,295639570.4303224
2024-04-12 10:55:43.402183,70960.62000000,15297.483254589599,2124.10457472,872.6256713720819,0.2578079715295848,18294.213500681682,295817432.3060228
2024-04-12 11:06:29.634733,70955.96000000,15308.791653135602,2124.10457472,875.2256713720819,0.25802091747088873,18308.121899227684,296042331.11051166
2024-04-12 12:51:32.961999,70912.86000000,12205.3023424626,2119.42755227,3923.275,0.25732998069366547,18248.004894732603,295380455.23103666
2024-04-12 12:51:33.816834,70912.86000000,12204.521591874001,2119.42755227,3923.275,0.25731897069366544,18247.224144144002,295367817.22125894
2024-04-12 13:03:55.722709,70989.22000000,12210.770545136002,2119.42755227,3923.275,0.25713021071940223,18253.473097406004,295468969.027711
2024-04-12 13:06:31.323112,70940.93000000,12210.520292194798,2119.42755227,3922.95,0.25729713219808087,18252.8978444648,295459657.40835166
2024-04-12 13:21:33.384936,70876.00000000,12168.855658440001,2119.42755227,3918.075,0.25687620930512445,18206.35821071,294706320.35676277
2024-04-12 13:35:46.864334,70743.58000000,12125.308817425099,2119.42755227,3912.55,0.25666338019216867,18157.2863696951,293911994.4662546
2024-04-12 13:36:31.315745,70748.25000000,12127.530294108801,2119.42755227,3912.875,0.2566824316697417,18159.832846378802,293953214.28433365
2024-04-12 13:51:31.501993,70844.00000000,12131.5323031488,2119.42755227,3913.2,0.25639658764918416,18164.159855418802,294023255.5796642
2024-04-12 13:55:31.779708,70893.63000000,12129.045115822202,2119.42755227,3914.5,0.25620034787458623,18162.972668092203,294004038.5784085
2024-04-12 14:06:31.384945,70902.87000000,12123.150387035801,2119.42755227,3916.125,0.25610674066234274,18158.7029393058,293934924.478543
2024-04-12 14:21:31.426190,70732.90000000,12092.328947027,2119.42755227,3904.425,0.2561210059151682,18116.181499297,293246629.92912054
2024-04-12 14:36:31.415846,70727.99000000,12077.140250452501,2119.42755227,3903.775,0.25591484789434144,18100.3428027225,292990248.94766915
2024-04-12 14:51:31.469552,70635.36000000,12030.220369891202,2119.42755227,3899.875,0.25553098224686904,18049.522922161203,292167627.5410234
2024-04-12 15:06:31.412113,70799.36000000,12040.489618432002,2119.42755227,3903.775,0.2551392014094761,18063.692170702005,292396985.16715336
2024-04-12 15:21:31.427324,70846.90000000,12061.235555654,2119.42755227,3907.675,0.25531587278940926,18088.338107924,292795928.9529658
2024-04-12 15:36:31.475030,70672.00000000,12008.73747808,2119.42755227,3904.425,0.2551589035311014,18032.59003035,291893534.8212754
2024-04-12 15:37:50.666361,70763.92000000,12032.8554679808,2119.42755227,3906.375,0.25519584020007374,18058.6580202508,292315497.37379974
2024-04-12 15:46:41.397126,70756.03000000,12029.0253451321,2119.42755227,3908.0,0.25519313191260307,18056.4528974021,292279803.0502478
2024-04-12 15:51:31.514038,70698.64000000,12009.517460688,2119.42755227,3907.675,0.2551197592055236,18036.620012958,291958768.1497511
2024-04-12 16:06:31.383948,70800.63000000,12027.7926992058,2119.42755227,3908.975,0.2550287370532691,18056.195251475798,292275632.53563875
2024-04-12 16:21:31.424361,70671.95000000,12010.641650992802,2119.42755227,3906.7,0.25521821887273244,18036.769203262804,291961183.093215
2024-04-12 16:36:31.425804,70691.34000000,12003.8264044812,2119.42755227,3907.025,0.25505640375116956,18030.2789567512,291856125.4729317
2024-04-12 16:51:31.415074,70610.00000000,11992.1545589,2119.42755227,3906.7,0.2551803159774819,18018.28211117,291661932.5335088
2024-04-12 17:06:31.384999,70627.66000000,11973.840279561,2119.42755227,3905.4,0.25483879590278086,17998.667831831,291344436.19384843
2024-04-12 17:21:31.408272,70711.71000000,11968.9949654028,2119.42755227,3906.05,0.25447655724451856,17994.4725176728,291276526.6435696
2024-04-12 17:30:35.820568,70735.84000000,11948.6797014816,2119.42755227,3902.475,0.2540520089073884,17970.5822537516,290889814.9414771
2024-04-12 17:36:31.478560,70750.00000000,11936.237887899,2119.42755227,3902.475,0.2538253065748268,17958.140440168998,290688419.30501556
2024-04-12 17:51:31.426667,70763.71000000,11941.548018315301,2119.42755227,3906.05,0.2539016901542514,17967.0255705853,290832242.91106427
2024-04-12 18:06:31.518404,70924.64000000,11989.412232818302,2119.42755227,3907.675,0.25402335189982356,18016.5147850883,291633324.8262243
2024-04-12 18:11:56.118041,70836.50000000,11986.967405665,2119.42755227,3908.0,0.25430950086374965,18014.394957935,291599011.18409383
2024-04-12 18:21:31.462196,70844.78000000,11998.5673635326,2119.42755227,3909.625,0.254466453503033,18027.6199158026,291813083.5770967
2024-04-12 18:36:31.418797,70844.01000000,11996.274517480002,2119.42755227,3908.325,0.25441850439790187,18024.027069750002,291754926.1780433
2024-04-12 18:51:31.408669,70892.65000000,11996.8987299155,2119.42755227,3908.65,0.25425733531170724,18024.9762821855,291770291.0797367
2024-04-12 19:03:53.312407,70864.97000000,11997.433476102402,2119.42755227,3904.1,0.2542999881093917,18020.9610283724,291705296.16626406
2024-04-12 19:06:31.346510,70883.99000000,11985.072117599002,2119.42755227,3903.125,0.25404360942250853,18007.624669869,291489420.53116953
2024-04-12 19:16:38.025039,70840.53000000,11943.6722704926,2119.42755227,3902.15,0.25360129043024665,17965.249822762602,290803498.8810582
2024-04-12 19:21:31.461749,70768.73000000,11897.8561476011,2119.42755227,3898.575,0.2531606643198359,17915.8586998711,290004004.7748135
2024-04-12 19:36:31.505871,70748.50000000,11839.670209435,2119.42755227,3894.675,0.2523554953349541,17853.772761705,288999019.69371885
2024-04-12 19:46:36.271573,70366.13000000,11812.3671687291,2119.42755227,3893.05,0.25331568925275694,17824.8447209991,288530761.49881244
2024-04-12 19:51:31.393543,70481.39000000,11817.53351776,2119.42755227,3892.4,0.25296551430143477,17829.36107003,288603867.64057565
2024-04-12 19:55:57.748844,70446.59000000,11782.157922234,2119.42755227,3892.075,0.25258370170229677,17793.660474504002,288025982.1007963
2024-04-12 20:06:21.455679,70327.16000000,11695.258317692404,2119.42755227,3882.975,0.25164759774121975,17697.6608699624,286472036.5020814
2024-04-12 20:06:31.319353,70336.51000000,11696.9088606175,2119.42755227,3883.625,0.2516468532898135,17699.9614128875,286509275.39040995
2024-04-12 20:20:38.852676,70200.01000000,11668.860216000001,2119.42755227,3880.05,0.25168568734206737,17668.33776827,285997383.4549865
2024-04-12 20:21:31.376023,70115.99000000,11646.0006419152,2119.42755227,3876.8,0.25161490544717685,17642.228194185198,285574747.7792758
2024-04-12 20:23:44.167269,70084.48000000,11622.0546525056,2119.42755227,3870.625,0.2512982504083015,17612.1072047756,285087179.32370263
2024-04-12 20:28:27.868802,70174.75000000,11633.062691557501,2119.42755227,3872.9,0.2511642755239955,17625.390243827504,285302191.8768358
2024-04-12 20:36:31.421125,70214.61000000,11642.552001764101,2119.42755227,3875.825,0.25119849777751524,17637.8045540341,285503142.31615
2024-04-12 20:39:00.234030,70111.11000000,11615.3966348097,2119.42755227,3872.575,0.25113565007143235,17607.3991870797,285010970.6412591
2024-04-12 20:45:45.342310,69699.57000000,11521.793800118001,2119.42755227,3866.4,0.25118693490344346,17507.621352388003,283395866.83110464
2024-04-12 20:50:45.496175,69685.27000000,11550.986886444,2119.42755227,3871.6,0.25173202943339384,17542.014438714,283952587.7194635
2024-04-12 20:51:31.320384,69746.87000000,11574.484009406899,2119.42755227,3872.9,0.2518652315390913,17566.8115616769,284353978.748864
2024-04-12 21:06:31.399944,69937.97000000,11598.4024428074,2119.42755227,3876.15,0.25156549432414754,17593.979995077403,284793754.18031794
2024-04-12 21:15:36.027163,69766.90000000,11586.277686963,2119.42755227,3872.9,0.2519619653336038,17578.605239233002,284544883.0074646
2024-04-12 21:21:31.425171,69940.06000000,11625.5325910822,2119.42755227,3877.775,0.2519691167458564,17622.7351433522,285259213.7654421
2024-04-12 21:28:02.278770,69768.41000000,11614.243257769102,2119.42755227,3875.825,0.25239927081667907,17609.4958100391,285044908.6771029
2024-04-12 21:36:31.464045,69752.71000000,11629.7935800808,2119.42755227,3876.8,0.2526929940406731,17626.0211323508,285312404.0693624
2024-04-12 21:51:31.515919,69366.67000000,11561.6696059157,2119.42755227,3871.6,0.25304223423418915,17552.6971581857,284125508.8995519
2024-04-12 21:52:27.351216,69276.16000000,11547.5955912193,2119.42755227,3870.3,0.25315091286077773,17537.3231434893,283876649.7236613
2024-04-12 22:06:31.419508,69362.78000000,11594.042779968402,2119.42755227,3869.975,0.2534997203433657,17583.4453322384,284623229.59294295
2024-04-12 22:08:31.925017,69433.33000000,11589.7065992717,2119.42755227,3868.35,0.2531562889399327,17577.4841515417,284526735.9610055
2024-04-12 22:17:38.692823,69339.53000000,11568.313878988101,2119.42755227,3864.45,0.253133983331847,17552.191431258103,284117322.6977749
2024-04-12 22:21:31.397679,69541.01000000,11588.2986073778,2119.42755227,3868.35,0.25274404498364056,17576.076159647797,284503944.7962189
2024-04-12 22:35:45.795369,69675.18000000,11618.169044568,2119.42755227,3870.3,0.2527140453291689,17607.896596838,285019022.2130167
2024-04-12 22:36:31.327720,69619.98000000,11606.569228268303,2119.42755227,3869.325,0.2527337953923328,17595.321780538303,284815473.6615735
2024-04-12 22:44:53.625686,69421.43000000,11572.9952897234,2119.42755227,3866.4,0.25293087223921207,17558.822841993402,284224665.3433472
2024-04-12 22:50:43.020138,69427.18000000,11577.479642636603,2119.42755227,3865.425,0.2529604716035795,17562.3321949066,284281471.2389532
2024-04-12 22:51:31.321623,69448.44000000,11582.514289868403,2119.42755227,3865.75,0.25296020820825355,17567.691842138403,284368227.8486943
2024-04-12 22:54:04.533525,69370.00000000,11574.948478100001,2119.42755227,3865.425,0.2531324928696843,17559.80103037,284240499.2785992
2024-04-12 22:57:36.612208,69387.53000000,11575.6468552812,2119.42755227,3865.425,0.25307860659618814,17560.4994075512,284251803.91003126
2024-04-12 23:06:31.979295,69573.52000000,11582.973219402402,2119.42755227,3867.375,0.25253538661939773,17569.7757716724,284401960.41606116
2024-04-12 23:07:17.941128,69565.44000000,11577.139513747,2119.42755227,3866.725,0.25247151554014463,17563.292066017,284297008.67261714
2024-04-12 23:21:31.392947,68696.60000000,11372.045819790601,2119.42755227,3835.85,0.2522297081960475,17327.3233720606,280477383.42354494
2024-04-12 23:21:38.644658,68721.93000000,11374.2504750546,2119.42755227,3836.5,0.25217827885981375,17330.1780273246,280523591.7283033
2024-04-12 23:35:10.429868,69019.40000000,11507.8374443235,2119.42755227,3850.15,0.2532246730135803,17477.414996593503,282906916.54985905
2024-04-12 23:36:31.314840,68854.50000000,11486.401068054001,2119.42755227,3848.525,0.2534961929913659,17454.353620324004,282533622.05218464
2024-04-12 23:40:37.000653,68810.02000000,11485.263472853201,2119.42755227,3846.25,0.2536104629111167,17450.9410251232,282478382.37366927
2024-04-12 23:44:32.861692,68741.32000000,11467.050987379602,2119.42755227,3846.575,0.2536037064701347,17433.0535396496,282188837.6463081
2024-04-12 23:47:03.723250,68743.98000000,11467.8102488976,2119.42755227,3846.575,0.2536049382239376,17433.8128011676,282201127.81249994
2024-04-12 23:51:31.428244,68808.06000000,11491.8948831474,2119.42755227,3849.175,0.25375657205591035,17460.4974354174,282633071.9871015
2024-04-12 23:51:33.374178,68808.07000000,11491.8958652046,2119.42755227,3849.175,0.25375654944942644,17460.4984174746,282633087.8836613
2024-04-12 23:57:35.171646,68887.99000000,11478.253980900103,2119.42755227,3847.225,0.2532358185101656,17444.906533170102,282380702.05242443
2024-04-13 00:05:47.814561,68553.43000000,11388.0697412966,2119.42755227,3846.575,0.25314666667395935,17354.0722935666,280910368.2159626
2024-04-13 00:06:31.331418,68710.00000000,11429.742908900002,2119.42755227,3851.45,0.2532472778514045,17400.62046117,281663843.4049588
2024-04-13 00:21:31.461952,68416.00000000,11365.9606353813,2119.42755227,3842.025,0.2532655108110866,17327.413187651302,280478837.26851165
2024-04-13 00:36:31.492336,67600.02000000,10891.8855744504,2119.42755227,3795.55,0.2486221620455201,16806.8631267204,272052693.43222314
2024-04-13 00:51:31.451522,68207.31000000,10981.270506596402,2119.42755227,3808.55,0.24790961641598827,16909.2480588664,273709998.3288704
2024-04-13 01:06:31.426898,68266.67000000,10926.8096215356,2119.42755227,3797.825,0.24673917995129396,16844.0621738056,272654834.40739125
2024-04-13 01:21:31.482852,67929.43000000,10876.8698417202,2119.42755227,3788.725,0.24709499835329402,16785.0223939902,271699157.49151933
2024-04-13 01:36:31.605641,65829.00000000,9780.746875207002,2119.42755227,3678.225,0.236649492282687,15578.399427477003,252167551.53257024
2024-04-13 01:51:31.542436,66499.99000000,10004.3505054432,2119.42755227,3708.45,0.23807865321052227,15832.2280577132,256276275.57020357
2024-04-13 02:06:31.394601,66756.00000000,10087.3680025998,2119.42755227,3721.45,0.23860395402465398,15928.245554869802,257830510.79667747
2024-04-13 02:21:32.028724,66842.76000000,10199.897030876398,2119.42755227,3731.2,0.24012360625363763,16050.524583146398,259809841.42739075
2024-04-13 02:36:31.454821,67031.44000000,10146.3893649252,2119.42755227,3719.825,0.23847976288731376,15985.6419171952,258759585.7136387
2024-04-13 02:51:31.468884,66844.85000000,10043.801177244,2119.42755227,3710.725,0.23747459571700738,15873.953729514002,256951689.01964316
2024-04-13 03:06:31.410705,67064.52000000,10223.3543262216,2119.42755227,3728.925,0.23964544707830013,16071.706878491601,260152719.24214354
2024-04-13 03:21:31.444897,67366.65000000,10311.8097471675,2119.42755227,3730.55,0.23990783717815123,16161.7872994375,261610851.0159948
2024-04-13 03:36:31.407577,67228.02000000,10281.2848145056,2119.42755227,3725.025,0.23986631417637463,16125.737366775598,261027310.7559966
2024-04-13 03:51:31.395551,67119.99000000,10288.319195975102,2119.42755227,3723.725,0.2403378151314549,16131.471748245103,261120133.1888435
2024-04-13 04:06:31.379043,66869.02000000,10269.7427542196,2119.42755227,3724.05,0.240966897772535,16113.220306489598,260824697.10114712
2024-04-13 04:21:31.385702,66852.61000000,10363.96112074,2119.42755227,3724.375,0.2424402528638747,16207.763673009998,262355070.57501283
2024-04-13 04:36:31.440526,66834.52000000,10377.188517409199,2119.42755227,3722.1,0.24266974715579911,16218.7160696792,262532357.0198972
2024-04-13 04:51:31.470309,66934.06000000,10370.8174729886,2119.42755227,3716.9,0.24213599212805256,16207.145025258598,262345056.52386093
2024-04-13 05:02:00.664970,66932.35000000,10371.011010801001,2119.42755227,3717.225,0.24214992545564293,16207.663563071002,262353450.0954303
2024-04-13 05:06:31.386938,66903.23000000,10355.6793445862,2119.42755227,3717.225,0.2420261607228261,16192.3318968562,262105276.4144113
2024-04-13 05:09:47.320605,67012.99000000,10374.773527376503,2119.42755227,3720.8,0.24196802858142133,16215.001079646503,262472222.47623795
2024-04-13 05:16:41.173672,67212.55000000,10415.390752640002,2119.42755227,3725.675,0.24192644535745184,16260.49330491,263208605.12657818
2024-04-13 05:21:31.390861,67150.57000000,10398.567942065001,2119.42755227,3726.975,0.24191857931116595,16244.970494335003,262957337.39180067
2024-04-13 05:23:38.687404,67161.77000000,10399.1200601792,2119.42755227,3725.675,0.24186710106730658,16244.2226124492,262945231.4277152
2024-04-13 05:26:38.602448,67120.87000000,10370.127430391,2119.42755227,3721.125,0.24151474768817807,16210.679982661,262402276.87933362
2024-04-13 05:36:31.443255,67024.00000000,10303.051263680001,2119.42755227,3712.35,0.24073210813962168,16134.828815950003,261174474.04378268
2024-04-13 05:38:50.675069,67117.70000000,10304.198102998802,2119.42755227,3711.05,0.24039375090726892,16134.675655268802,261171994.8318361
2024-04-13 05:39:54.137838,67087.92000000,10297.697178756,2119.42755227,3709.425,0.24037933701068687,16126.549731026,261040460.49611786
2024-04-13 05:45:55.456724,66972.00000000,10272.290597640002,1823.48754535,3706.825,0.23595835786582456,15802.603142990003,262323212.17363405
2024-04-13 05:49:40.300535,66936.00000000,10266.241685917503,1820.6738438,3708.45,0.2359771353190735,15795.365529717503,262203067.79331055
2024-04-13 05:52:34.795514,66981.03000000,10289.615111635201,1824.51396978,3710.4,0.23625389280241288,15824.529081415201,262687182.75149235
2024-04-13 05:59:08.089346,67035.88000000,10296.044831352801,1825.0711223,3712.025,0.2361890520964713,15833.1409536528,262830139.8306365
2024-04-13 06:00:53.819453,67000.01000000,10292.4631461883,1829.76910511,3713.0,0.23634671474374858,15835.232251298301,262864855.37155178
2024-04-13 06:07:42.898300,66818.12000000,10264.632466464,1820.37316624,3714.95,0.2364621398013593,15799.955632704,262279263.5028864
2024-04-13 06:15:53.912039,66855.99000000,10301.1455339238,1822.45019101,3720.475,0.23698805035919443,15844.070724933801,263011574.0339011
2024-04-13 06:17:12.159757,66842.31000000,10291.351527495299,1821.81710732,3721.45,0.23689514373179651,15834.618634815299,262854669.33793396
2024-04-13 06:19:24.662895,66853.73000000,10302.4766796802,1822.13401429,3723.4,0.23705499594368484,15848.0106939702,263076977.51990533
2024-04-13 06:32:25.756781,66994.11000000,10381.210992857703,1824.51546983,3734.45,0.23793399841699073,15940.176462687703,264606929.28061587
2024-04-13 06:34:23.023294,66950.86000000,10387.698875985003,1826.73518267,3734.45,0.2382177623805729,15948.884058655003,264751475.37367305
2024-04-13 06:38:24.939098,67096.77000000,10425.0320247468,1827.01067381,3741.925,0.23837164886710344,15993.9676985568,265499863.7960429
2024-04-13 06:49:23.010222,67096.77000000,10422.8800195377,1829.05131635,3737.375,0.23830217663067388,15989.3063358877,265422485.17573583
2024-04-13 06:49:28.615291,67096.78000000,10421.9630180296,1829.5448688,3737.7,0.23830067384499826,15989.207886829601,265420850.92137137
2024-04-13 06:55:59.838938,67200.00000000,10417.055712,1832.96181108,3738.025,0.23791729945059523,15988.04252308,265401505.883128
2024-04-13 06:57:42.302482,67170.00000000,10416.962049492,1831.03854305,3738.025,0.23799353271612328,15986.025592542,265368024.8361972
2024-04-14 06:55:40.814866,64128.57000000,9451.921475442601,1684.92947262,3656.45,0.23068190898475677,14793.300948062602,248527455.92745173
2024-04-14 06:56:15.874685,63999.99000000,9432.10816,1685.00504643,3655.15,0.2308166486655701,14772.26320643,248174021.868024
2024-04-14 07:10:36.542176,64226.62000000,9405.4530288732,1671.81477613,3665.875,0.22954878841519608,14743.142805003201,247684799.12405378
2024-04-14 07:15:43.910338,63824.95000000,9361.5109477614,1669.23509853,3659.7,0.23016776427230107,14690.446046291401,246799493.57769555
2024-04-14 07:16:00.963239,64015.85000000,9392.315871954,1669.23509853,3662.95,0.23001336341677883,14724.500970484001,247371616.3041312
2024-04-14 07:22:37.330633,63519.00000000,9273.435464916,1647.84120757,3651.25,0.22941996367206663,14572.526672486,244818448.0977648
2024-04-14 07:25:36.452537,63019.22000000,9160.2653949141,1640.58849634,3638.575,0.22912738195195215,14439.428891254101,242582405.3730689
2024-04-14 07:38:13.827732,63838.04000000,9271.662448762001,1643.42818743,3643.45,0.22805431739746398,14558.540636192001,244583482.68802562
2024-04-14 07:40:36.425428,63849.78000000,9275.784138266901,1641.88109945,3643.45,0.22805270805501449,14561.115237716902,244626735.99364394
2024-04-14 07:48:54.958347,63909.09000000,9291.380406220998,1644.73460502,3646.375,0.2281755226250444,14582.490011240998,244985832.18884876
2024-04-14 07:55:36.831506,63787.88000000,9225.431860153598,1637.29220332,3641.175,0.2273770356292386,14503.899063473596,243665504.2663564
2024-04-14 07:55:37.948018,63796.81000000,9226.630815662398,1638.35781084,3641.175,0.22738070487383927,14506.163626502397,243703548.92524028
2024-04-14 07:56:01.383492,63800.80000000,9218.2783224761,1639.31813981,3639.875,0.2272302457380801,14497.471462286101,243557520.5664065
2024-04-14 08:10:36.513439,63408.90000000,9157.8892063394,1631.55665287,3638.25,0.22753423981821794,14427.6958592094,242385290.43471792
2024-04-14 08:14:13.100092,63473.04000000,9143.4196252633,1628.04085955,3634.675,0.22696463703035646,14406.135484813298,242023076.1448634
2024-04-14 08:25:36.587780,63801.17000000,9239.591823841802,1637.69999398,3643.775,0.22759875434606924,14521.066817821802,243953922.53940627
2024-04-14 08:26:07.478846,63742.44000000,9233.393472015,1636.97987701,3643.125,0.22768972052254352,14513.498349025,243826772.26362
2024-04-14 08:26:23.325927,63746.89000000,9226.9089525765,1636.97987701,3642.475,0.22756190662142892,14506.3638295865,243706912.3370532
2024-04-14 08:34:15.295533,63943.60000000,9273.6460878048,1641.93023404,3650.275,0.2277921687525382,14565.8513218448,244706302.20699266
2024-04-14 08:40:36.523431,63888.44000000,9279.326329966001,1639.92346404,3651.9,0.2280717731409,14571.149794006002,244795316.53930083
